Customer ID,MonetaryValue,Frequency,LastInvoiceDate,Recency,Cluster
5,777.5,3,2022-08-23,876,0
9,1513.25,2,2018-05-23,2429,1
10,3283.75,7,2024-11-22,54,3
11,5841.72,15,2024-10-10,97,2
12,6722.5,5,2018-04-16,2466,3
13,2499.9,9,2024-09-13,124,3
14,2315.0,3,2018-12-06,2232,1
18,4589.5,1,2016-10-26,3003,1
19,10152.4,4,2016-05-18,3164,3
26,214.5,1,2018-05-16,2436,1
27,1030.75,3,2017-12-10,2593,1
29,13119.57,15,2019-09-09,1955,2
31,2582.0,3,2017-11-19,2614,1
37,6482.4,12,2020-09-24,1574,3
40,1662.9,4,2017-06-22,2764,1
42,3316.5,2,2017-11-14,2619,1
43,1177.5,2,2018-04-19,2463,1
44,1524.88,3,2017-02-14,2892,1
52,12517.73,8,2023-04-05,651,2
53,1561.5,5,2017-02-08,2898,1
57,218.55,1,2014-04-30,3913,1
58,9917.529999999999,14,2025-01-09,6,2
59,2071.5,3,2018-08-28,2332,1
64,12528.509999999998,8,2020-09-24,1574,2
65,2897.8,4,2022-11-15,792,0
67,4066.65,8,2020-02-20,1791,3
76,4805.2,9,2022-07-28,902,3
80,2887.5,6,2022-12-08,769,3
81,8900.0,3,2022-01-04,1107,3
84,243.25,1,2013-11-08,4086,1
86,3091.5,6,2024-11-15,61,3
88,1585.0,4,2021-12-01,1141,0
91,2304.84,6,2021-05-11,1345,3
93,1728.6,6,2023-06-01,594,0
94,3800.35,2,2016-06-09,3142,1
96,665.5,2,2016-10-09,3020,1
99,1868.0,4,2021-04-27,1359,0
109,186.4,1,2017-03-29,2849,1
113,2886.88,4,2022-06-28,932,0
114,3912.5,11,2019-08-26,1969,3
116,167.5,1,2013-10-07,4118,1
128,1649.5,3,2021-02-26,1419,0
129,412.0,1,2017-10-19,2645,1
130,6490.0,8,2022-01-17,1094,3
133,4812.3099999999995,6,2022-03-18,1034,3
136,702.5,2,2021-03-04,1413,0
142,9132.33,17,2023-02-20,695,2
146,251.5,1,2016-01-25,3278,1
147,1174.96,4,2018-06-13,2408,1
149,12971.31,14,2024-08-28,140,2
152,2139.75,1,2016-10-10,3019,1
159,1133.0,4,2021-11-17,1155,0
165,1800.4,1,2019-09-23,1941,1
170,461.76,2,2020-08-28,1601,0
174,6340.9400000000005,12,2024-10-25,82,2
186,2256.81,8,2017-11-28,2605,1
187,482.0,2,2016-02-14,3258,1
190,1729.99,3,2018-07-18,2373,1
195,5718.39,8,2022-07-27,903,3
198,10743.91,17,2024-12-10,36,2
200,3227.1,7,2019-03-08,2140,3
202,274.0,1,2024-08-20,148,0
209,351.0,2,2018-05-30,2422,1
213,1989.0,5,2024-09-09,128,0
214,426.74,1,2013-11-12,4082,1
216,817.5,3,2021-03-15,1402,0
217,995.48,1,2021-06-02,1323,0
218,2258.0,3,2018-05-09,2443,1
220,4594.68,6,2023-04-06,650,3
222,318.5,1,2014-02-21,3981,1
224,655.5,3,2014-03-17,3957,1
227,900.6,1,2017-06-06,2780,1
235,219.5,1,2016-03-03,3240,1
236,7088.54,18,2024-11-28,48,2
237,1846.75,4,2021-07-13,1282,0
239,3495.8,8,2025-01-13,2,3
243,1285.0,1,2016-01-31,3272,1
245,2194.7,6,2018-02-13,2528,1
252,5522.5,11,2021-12-17,1125,3
257,1266.0,2,2023-02-22,693,0
259,4062.36,8,2024-11-04,72,3
263,2612.05,7,2020-01-30,1812,3
267,253.0,1,2019-01-29,2178,1
268,4972.93,17,2017-01-18,2919,2
270,3024.8,4,2022-04-12,1009,0
271,481.0,1,2016-04-03,3209,1
272,256.5,2,2017-11-26,2607,1
275,2777.0,4,2022-03-24,1028,0
278,12615.900000000001,11,2023-03-03,684,2
280,8844.22,21,2023-01-27,719,2
286,533.2,2,2016-07-03,3118,1
293,2858.4,6,2016-02-09,3263,1
296,4867.0,3,2018-03-21,2492,1
306,6343.3,14,2024-10-30,77,2
311,1659.1,4,2021-12-24,1118,0
313,5340.12,4,2023-02-15,700,3
314,10636.3,13,2018-01-22,2550,2
315,2310.86,9,2024-09-26,111,3
319,777.6,2,2019-03-15,2133,1
320,7346.25,16,2022-09-23,845,2
323,11987.33,16,2025-01-10,5,2
331,568.5,1,2017-01-09,2928,1
332,2504.7999999999997,6,2014-06-06,3876,1
334,1680.1,6,2023-05-31,595,0
336,1703.7,7,2020-01-17,1825,3
344,593.5,1,2019-04-03,2114,1
345,5052.6,15,2023-02-10,705,2
347,1341.5,2,2024-11-08,68,0
348,257.5,1,2016-10-09,3020,1
349,947.0,1,2016-06-19,3132,1
351,4477.0,4,2019-01-09,2198,1
352,935.78,4,2020-10-28,1540,0
353,810.0,2,2022-05-04,987,0
356,1017.5,2,2018-07-17,2374,1
358,683.2,2,2020-10-15,1553,0
359,367.0,2,2016-09-05,3054,1
362,2608.7799999999997,8,2021-02-25,1420,3
368,2269.45,3,2023-02-06,709,0
369,10864.619999999999,11,2025-01-14,1,2
370,2491.9,4,2020-06-04,1686,0
371,1509.75,2,2018-07-25,2366,1
372,2705.0,5,2023-05-22,604,0
375,5628.5,9,2024-09-20,117,3
379,2173.25,4,2024-11-13,63,0
393,9540.04,7,2024-10-16,91,3
406,75.2,1,2017-06-26,2760,1
414,490.0,1,2016-03-21,3222,1
419,957.2,2,2016-11-27,2971,1
422,319.05,1,2014-03-06,3968,1
423,810.96,1,2018-10-02,2297,1
424,1263.54,3,2019-02-25,2151,1
426,13457.14,15,2024-08-29,139,2
436,1396.57,3,2020-02-27,1784,1
437,3741.9,14,2019-12-09,1864,3
445,198.0,1,2017-02-02,2904,1
449,7187.9,16,2020-11-20,1517,2
457,1017.16,1,2018-01-09,2563,1
458,6430.35,21,2024-10-01,106,2
460,510.0,2,2022-06-23,937,0
461,7688.35,21,2024-08-21,147,2
471,1043.65,3,2016-09-19,3040,1
473,912.27,3,2022-11-17,790,0
482,2156.5,3,2021-03-24,1393,0
483,11682.32,15,2024-11-19,57,2
486,8258.0,12,2022-03-18,1034,2
487,437.6,1,2022-03-31,1021,0
489,2350.8500000000004,3,2022-12-19,758,0
497,2693.5,3,2019-05-22,2065,1
503,3068.0,7,2019-12-20,1853,3
510,210.0,1,2013-06-27,4220,1
512,1345.94,3,2022-09-05,863,0
517,750.0,2,2018-03-22,2491,1
520,432.6,1,2018-02-01,2540,1
532,2645.7,7,2019-06-18,2038,3
533,390.13,1,2016-10-20,3009,1
536,2771.1,3,2024-12-02,44,0
537,1149.5,2,2017-08-29,2696,1
541,340.0,1,2019-06-28,2028,1
546,1120.8,4,2022-02-10,1070,0
557,960.0,3,2018-02-06,2535,1
559,12076.2,13,2020-10-23,1545,2
560,4070.7799999999997,6,2021-08-25,1239,3
564,160.4,1,2017-10-19,2645,1
568,319.0,1,2018-04-10,2472,1
571,10806.5,19,2022-04-25,996,2
584,2658.75,1,2017-11-15,2618,1
586,4330.68,12,2019-07-24,2002,3
588,9636.0,4,2016-05-19,3163,3
594,485.0,1,2022-05-12,979,0
595,1901.4,5,2022-02-17,1063,0
597,3723.2,4,2023-02-13,702,0
602,955.0,1,2016-01-03,3300,1
603,4026.79,13,2024-09-23,114,3
606,5520.53,9,2018-11-13,2255,3
608,3990.0,6,2023-02-16,699,3
609,1118.7,1,2018-07-11,2380,1
610,2826.0,8,2022-05-04,987,3
614,7497.49,19,2024-11-04,72,2
617,451.91999999999996,2,2014-05-21,3892,1
618,9969.1,17,2025-01-13,2,2
622,1886.0,3,2017-04-17,2830,1
623,811.0,2,2023-05-16,610,0
628,334.05,1,2021-09-03,1230,0
629,4231.5,4,2024-09-16,121,3
631,740.15,3,2022-03-14,1038,0
632,12308.380000000001,19,2021-10-22,1181,2
634,2329.22,6,2018-04-04,2478,1
638,1170.9,2,2018-11-14,2254,1
640,134.0,1,2014-03-11,3963,1
642,235.0,1,2016-09-22,3037,1
643,8482.2,13,2019-10-25,1909,2
644,343.0,1,2017-11-08,2625,1
648,617.5,2,2017-11-29,2604,1
658,741.25,2,2017-01-10,2927,1
660,890.0,3,2020-02-07,1804,1
663,1978.6,2,2018-05-18,2434,1
672,344.0,1,2014-05-21,3892,1
675,2522.0,3,2018-07-23,2368,1
676,1140.0,1,2017-03-23,2855,1
679,817.0,3,2018-03-13,2500,1
681,370.5,1,2016-11-21,2977,1
693,618.4,2,2020-01-21,1821,1
695,2585.5,6,2021-12-03,1139,3
699,7733.8,16,2024-09-05,132,2
702,558.0,1,2019-06-12,2044,1
703,516.0,2,2017-01-22,2915,1
709,7043.2,9,2024-12-09,37,3
710,10186.630000000001,20,2024-08-26,142,2
713,10874.3,4,2016-09-01,3058,3
719,14332.3,9,2022-07-05,925,2
728,3487.5,3,2018-07-12,2379,1
745,1790.57,4,2021-08-17,1247,0
747,814.0,1,2018-04-05,2477,1
749,271.3,2,2018-11-29,2239,1
751,2072.07,1,2013-10-14,4111,1
752,596.5,1,2017-01-24,2913,1
754,715.0,2,2018-01-03,2569,1
757,2992.35,3,2017-06-22,2764,1
760,7486.8,8,2023-05-24,602,3
761,4543.85,6,2019-05-24,2063,3
762,2408.5,2,2013-10-07,4118,1
763,3445.29,7,2024-10-31,76,3
768,195.0,1,2017-01-11,2926,1
769,3920.0,6,2022-06-13,947,3
774,306.0,1,2024-12-17,29,0
775,2424.1,4,2018-11-21,2247,1
776,2761.22,4,2023-05-25,601,0
778,6338.9,19,2024-10-29,78,2
782,498.0,1,2022-12-06,771,0
785,8007.0,21,2022-02-24,1056,2
787,3481.5,8,2019-05-14,2073,3
788,1629.75,4,2018-07-23,2368,1
789,14638.119999999999,14,2023-04-03,653,2
790,2572.5,4,2018-09-19,2310,1
795,1040.65,1,2016-07-26,3095,1
797,284.55,1,2021-09-01,1232,0
798,370.72,2,2018-02-23,2518,1
799,910.3,5,2018-05-02,2450,1
800,1356.75,1,2014-03-20,3954,1
801,1449.0,6,2024-10-14,93,0
806,1047.5,4,2020-05-19,1702,0
809,3557.35,7,2019-11-06,1897,3
810,891.95,2,2016-06-13,3138,1
815,907.86,1,2017-12-13,2590,1
822,164.6,1,2017-03-16,2862,1
826,7885.01,18,2016-12-08,2960,2
828,3277.0,2,2019-01-04,2203,1
829,6793.86,17,2024-10-28,79,2
832,8767.08,6,2023-02-20,695,3
835,1335.7,2,2017-10-04,2660,1
836,201.0,1,2017-12-14,2589,1
840,310.0,1,2016-11-15,2983,1
844,1064.7,4,2019-06-27,2029,1
849,1671.68,4,2021-07-16,1279,0
850,12074.0,11,2023-03-30,657,2
852,6687.14,21,2024-07-31,168,2
854,1103.7,2,2023-04-24,632,0
855,12072.75,15,2024-10-07,100,2
858,400.0,1,2014-04-25,3918,1
861,8731.369999999999,7,2024-12-10,36,3
865,563.5,1,2017-10-18,2646,1
866,13992.369999999999,16,2023-04-12,644,2
868,7767.36,20,2024-12-06,40,2
869,4809.5,4,2018-06-06,2415,1
871,1681.5,6,2018-01-16,2556,1
875,226.0,1,2016-04-07,3205,1
877,1268.83,1,2023-03-15,672,0
880,691.6,2,2022-05-10,981,0
882,1326.5,5,2018-10-12,2287,1
884,995.0,1,2023-03-03,684,0
885,761.0,3,2019-09-10,1954,1
888,1813.5,2,2019-07-24,2002,1
889,11806.55,15,2021-10-04,1199,2
890,329.5,1,2017-06-06,2780,1
892,5759.4400000000005,11,2024-12-20,26,3
897,10817.48,13,2020-12-22,1485,2
898,1014.0,1,2016-01-17,3286,1
902,2488.5,4,2019-08-02,1993,1
905,684.0,2,2020-10-02,1566,0
910,946.0,2,2022-03-03,1049,0
911,3486.0,9,2022-10-07,831,3
915,3693.35,8,2018-12-10,2228,3
919,761.0,2,2019-03-08,2140,1
921,1420.0,3,2018-08-22,2338,1
922,317.7,1,2020-05-18,1703,0
924,10134.09,16,2024-10-24,83,2
929,1174.6,3,2018-03-20,2493,1
935,7424.610000000001,12,2023-02-06,709,2
936,712.0,1,2017-05-22,2795,1
937,1457.3,4,2018-10-29,2270,1
939,780.0,2,2019-02-13,2163,1
945,6057.85,13,2017-10-29,2635,3
946,2917.87,4,2017-08-29,2696,1
947,4087.84,13,2024-10-21,86,3
950,315.0,1,2020-09-21,1577,0
951,6528.02,7,2022-05-24,967,3
953,254.5,1,2021-07-15,1280,0
955,4898.0,2,2024-10-14,93,0
957,572.0,1,2016-10-25,3004,1
959,321.0,1,2019-07-09,2017,1
963,2388.0,2,2013-10-10,4115,1
966,1013.5,2,2021-05-28,1328,0
968,5079.6,15,2022-03-16,1036,2
971,6269.75,15,2024-11-25,51,2
973,2752.0,4,2019-04-15,2102,1
975,6716.9,10,2024-11-05,71,3
978,523.0,2,2017-05-09,2808,1
981,302.5,1,2018-05-02,2450,1
987,260.0,1,2016-11-08,2990,1
993,15631.86,14,2024-12-12,34,2
997,2279.3599999999997,2,2023-03-28,659,0
1000,5147.75,19,2022-07-27,903,2
1002,3274.5,7,2022-12-02,775,3
1010,3815.0,6,2018-07-12,2379,3
1013,12656.5,10,2020-09-04,1594,2
1018,4985.6,15,2017-02-08,2898,3
1021,3440.5,3,2017-10-22,2642,1
1026,3835.52,13,2020-12-21,1486,3
1027,1175.75,4,2024-07-23,176,0
1032,1472.0,6,2018-11-30,2238,1
1037,7023.6,17,2022-10-07,831,2
1043,2765.01,7,2022-09-29,839,3
1044,301.5,1,2016-06-26,3125,1
1045,6142.25,7,2022-06-28,932,3
1047,5296.01,7,2020-05-25,1696,3
1049,11722.1,20,2025-01-16,-1,2
1050,2526.0,4,2017-12-05,2598,1
1054,285.0,1,2016-03-07,3236,1
1055,13481.8,18,2020-02-27,1784,2
1056,10635.63,12,2022-10-13,825,2
1063,715.5,1,2016-05-11,3171,1
1064,7238.5599999999995,18,2022-04-05,1016,2
1065,523.25,2,2019-09-11,1953,1
1069,3115.35,8,2023-03-03,684,3
1073,367.0,1,2019-04-25,2092,1
1075,11563.79,16,2025-01-14,1,2
1076,5150.6,7,2019-06-11,2045,3
1077,16241.5,8,2018-01-10,2562,2
1080,2761.45,10,2022-06-22,938,3
1081,7450.06,8,2023-03-01,686,3
1083,1749.0,3,2018-07-10,2381,1
1084,1446.0,3,2017-03-12,2866,1
1085,9053.53,18,2023-01-24,722,2
1086,1404.5,2,2017-05-08,2809,1
1087,8776.78,15,2023-04-13,643,2
1088,231.0,1,2020-12-17,1490,0
1093,289.5,1,2016-02-17,3255,1
1095,3037.0,4,2024-12-12,34,0
1096,372.5,1,2016-05-08,3174,1
1099,1208.0,3,2016-12-08,2960,1
1100,4144.0,3,2023-03-10,677,0
1103,271.5,1,2018-11-09,2259,1
1108,10492.5,7,2019-06-24,2032,3
1111,878.5,1,2017-01-17,2920,1
1118,186.0,1,2017-06-15,2771,1
1119,641.0,1,2014-03-28,3946,1
1121,282.0,1,2020-11-26,1511,0
1124,5124.5,8,2022-10-03,835,3
1125,1210.1,4,2017-12-12,2591,1
1127,240.0,1,2017-07-05,2751,1
1128,559.1,2,2019-05-06,2081,1
1134,1299.5,2,2018-07-11,2380,1
1137,12602.4,6,2022-01-19,1092,2
1139,8693.3,10,2023-03-07,680,2
1142,4971.71,8,2017-03-22,2856,3
1143,924.5,2,2018-12-19,2219,1
1145,5129.7,10,2022-10-24,814,3
1149,11395.01,18,2023-04-12,644,2
1150,281.42,1,2013-10-04,4121,1
1156,4673.65,10,2024-10-07,100,3
1159,4179.4,11,2022-07-28,902,3
1164,5314.16,8,2021-04-22,1364,3
1169,2659.2,2,2020-03-31,1751,1
1170,319.5,1,2017-02-14,2892,1
1171,866.0,2,2017-05-08,2809,1
1174,2517.75,3,2019-03-14,2134,1
1176,5437.64,15,2023-02-02,713,2
1177,2050.1,7,2019-12-05,1868,3
1179,255.0,1,2014-05-26,3887,1
1181,3410.0,1,2017-03-13,2865,1
1184,2103.5,5,2020-04-22,1729,0
1185,1185.0,2,2018-11-16,2252,1
1187,267.5,1,2016-05-17,3165,1
1188,11619.4,7,2020-07-02,1658,2
1189,190.5,1,2016-01-13,3290,1
1190,6385.35,5,2024-08-21,147,3
1191,5411.0,5,2018-03-20,2493,3
1192,770.0,3,2021-10-25,1178,0
1193,707.0,1,2014-03-12,3962,1
1194,7604.2,9,2024-12-04,42,3
1195,11720.2,12,2016-09-04,3055,2
1199,260.0,1,2016-05-03,3179,1
1202,52.0,1,2017-10-01,2663,1
1203,15183.17,18,2023-03-28,659,2
1204,3753.3,5,2018-06-07,2414,1
1205,141.0,1,2014-03-07,3967,1
1207,1854.0,3,2023-04-21,635,0
1209,610.0,2,2019-05-16,2071,1
1216,598.5,2,2018-02-22,2519,1
1219,726.35,2,2017-07-06,2750,1
1221,1852.0,3,2019-02-27,2149,1
1223,1222.0,1,2016-05-09,3173,1
1224,1449.85,4,2016-02-14,3258,1
1228,2916.0,11,2024-11-18,58,3
1233,431.4,2,2017-10-16,2648,1
1238,498.7,1,2014-03-19,3955,1
1242,5103.98,3,2021-10-11,1192,3
1244,849.55,4,2018-01-18,2554,1
1245,381.5,1,2016-03-14,3229,1
1246,7963.25,6,2019-03-04,2144,3
1247,3443.0,2,2016-04-05,3207,1
1250,8804.8,7,2018-07-09,2382,3
1254,567.5,3,2021-07-27,1268,0
1255,214.5,1,2016-08-16,3074,1
1257,5337.39,13,2024-09-06,131,2
1258,3877.16,6,2022-10-06,832,3
1260,258.5,1,2018-10-26,2273,1
1261,1256.9099999999999,4,2018-06-04,2417,1
1262,2247.1,5,2022-06-01,959,0
1265,5865.42,2,2017-02-16,2890,1
1267,2394.85,4,2023-04-19,637,0
1268,4115.5,14,2024-10-15,92,2
1269,450.9,1,2018-05-29,2423,1
1271,444.0,2,2016-10-11,3018,1
1272,8033.4,16,2019-10-25,1909,2
1274,379.7,1,2017-01-24,2913,1
1275,543.0,1,2016-04-11,3201,1
1277,470.0,1,2018-08-23,2337,1
1278,1231.08,6,2022-05-24,967,0
1280,1685.0,2,2019-04-29,2088,1
1282,10896.6,17,2024-12-09,37,2
1283,5009.08,11,2022-07-19,911,3
1286,725.0,1,2017-11-27,2606,1
1289,1187.0,1,2017-02-19,2887,1
1290,555.2,2,2016-06-01,3150,1
1291,8161.0,6,2019-07-29,1997,3
1294,528.28,1,2016-06-01,3150,1
1295,6800.98,13,2022-02-07,1073,2
1296,3157.0,2,2018-04-20,2462,1
1299,1250.75,2,2022-10-24,814,0
1301,228.0,1,2017-10-16,2648,1
1302,60.0,1,2020-05-22,1699,0
1303,236.65,1,2022-05-20,971,0
1304,1477.0,4,2024-07-22,177,0
1305,1940.0,1,2016-01-19,3284,1
1308,593.64,1,2022-11-08,799,0
1313,1499.5,5,2022-06-07,953,0
1317,1039.0,1,2016-04-11,3201,1
1318,8944.619999999999,15,2019-05-07,2080,2
1320,379.2,1,2017-05-02,2815,1
1321,8280.4,13,2021-07-30,1265,2
1322,1185.0,1,2016-01-10,3293,1
1324,2193.5,3,2024-12-16,30,0
1326,338.5,1,2016-09-11,3048,1
1327,1037.0,3,2023-05-24,602,0
1329,5735.35,8,2017-11-01,2632,3
1331,9978.01,8,2019-12-20,1853,3
1332,885.0,1,2016-02-07,3265,1
1335,1476.5,2,2016-05-16,3166,1
1336,2617.0,3,2019-06-18,2038,1
1340,538.5,2,2016-11-02,2996,1
1341,1256.66,5,2022-02-10,1070,0
1342,3310.25,3,2017-11-29,2604,1
1344,693.0,1,2018-05-24,2428,1
1345,2577.09,8,2023-05-10,616,3
1347,2743.25,6,2022-10-06,832,3
1350,7842.5,5,2020-01-07,1835,3
1351,5752.8,5,2021-10-04,1199,3
1352,1464.25,4,2021-11-15,1157,0
1355,1856.72,4,2017-04-04,2843,1
1356,267.6,1,2016-01-19,3284,1
1357,3316.75,5,2024-11-12,64,0
1359,5967.5,4,2022-05-10,981,3
1360,13758.78,10,2024-11-04,72,2
1361,1911.87,7,2021-11-10,1162,3
1362,214.32,1,2019-10-25,1909,1
1363,9770.79,18,2022-09-08,860,2
1364,288.5,1,2017-08-29,2696,1
1365,3126.04,11,2019-04-05,2112,3
1366,1839.0,1,2016-11-01,2997,1
1367,2965.59,5,2021-11-26,1146,3
1368,1135.75,2,2018-06-20,2401,1
1369,7765.99,7,2023-03-22,665,3
1370,1287.5,3,2019-11-12,1891,1
1374,4839.3,11,2022-03-10,1042,3
1376,423.5,2,2017-06-22,2764,1
1377,2616.36,8,2021-10-06,1197,3
1378,860.5,3,2019-01-09,2198,1
1379,324.0,3,2018-01-22,2550,1
1380,256.5,1,2017-05-31,2786,1
1381,298.5,1,2022-11-14,793,0
1383,10830.24,19,2022-11-22,785,2
1384,10969.35,11,2023-02-13,702,2
1387,3548.3,3,2019-07-22,2004,1
1388,12683.51,13,2023-04-25,631,2
1391,1263.9,4,2017-10-24,2640,1
1392,7766.55,13,2020-02-04,1807,2
1395,4800.0,7,2022-06-08,952,3
1396,532.0,1,2016-03-21,3222,1
1397,9521.75,8,2018-07-10,2381,3
1399,1227.5,4,2017-08-22,2703,1
1402,5825.52,10,2024-12-11,35,3
1403,232.6,1,2016-07-04,3117,1
1404,765.16,1,2018-03-02,2511,1
1405,4019.0,2,2017-06-26,2760,1
1406,462.0,1,2016-11-16,2982,1
1408,1333.12,5,2023-03-30,657,0
1409,338.0,1,2017-10-02,2662,1
1410,847.0,1,2016-07-19,3102,1
1411,1553.0,5,2020-11-09,1528,0
1413,848.6,1,2017-01-15,2922,1
1415,8646.369999999999,16,2023-05-02,624,2
1416,170.4,1,2016-01-19,3284,1
1418,506.0,1,2016-03-30,3213,1
1419,445.0,1,2016-09-14,3045,1
1420,6219.5,4,2017-11-09,2624,3
1421,428.45,2,2024-09-05,132,0
1422,2100.0,5,2018-01-30,2542,1
1423,780.06,6,2017-03-12,2866,1
1425,205.8,1,2016-03-03,3240,1
1426,1536.15,4,2020-01-24,1818,1
1427,1423.6,8,2016-04-04,3208,1
1430,317.5,1,2016-12-05,2963,1
1431,329.7,1,2016-02-07,3265,1
1432,7674.41,20,2022-11-16,791,2
1434,2274.85,7,2018-12-03,2235,1
1435,2769.9,3,2018-02-07,2534,1
1436,190.0,2,2018-02-21,2520,1
1438,4177.5,6,2018-06-20,2401,3
1439,983.5,3,2019-10-08,1926,1
1440,250.0,1,2017-02-14,2892,1
1441,3000.98,5,2022-12-09,768,0
1442,485.5,1,2018-04-05,2477,1
1443,4101.860000000001,10,2023-04-12,644,3
1444,624.9,2,2018-06-27,2394,1
1445,5395.75,7,2017-06-05,2781,3
1446,413.5,1,2017-06-27,2759,1
1448,10010.85,15,2018-10-26,2273,2
1449,2939.5,5,2022-05-16,975,0
1450,2546.54,4,2021-04-01,1385,0
1451,2458.5,3,2020-12-04,1503,0
1452,911.0,1,2016-04-07,3205,1
1453,646.6,2,2016-11-01,2997,1
1454,337.0,3,2017-02-22,2884,1
1455,3835.0,4,2019-05-21,2066,1
1456,3724.14,13,2024-10-09,98,3
1458,1930.5,4,2018-03-08,2505,1
1459,3875.5,8,2024-11-26,50,3
1461,280.8,1,2016-04-24,3188,1
1462,175.5,1,2016-04-24,3188,1
1463,1901.6,2,2016-11-09,2989,1
1464,3721.35,6,2018-10-30,2269,3
1465,6284.8,5,2021-06-11,1314,3
1466,365.4,1,2016-04-27,3185,1
1467,1808.22,4,2021-03-18,1399,0
1468,8344.72,10,2016-11-09,2989,3
1469,1277.5,3,2020-09-22,1576,0
1470,9766.49,11,2024-07-17,182,2
1471,11832.79,15,2020-03-02,1780,2
1472,2764.1,5,2019-08-01,1994,1
1473,536.49,3,2018-12-21,2217,1
1474,7611.31,12,2022-12-21,756,2
1475,3864.6400000000003,11,2022-01-14,1097,3
1477,2857.5,3,2018-11-09,2259,1
1478,1308.03,3,2019-01-09,2198,1
1479,725.5,3,2016-07-20,3101,1
1480,993.05,2,2017-09-27,2667,1
1481,4616.0,4,2017-10-30,2634,1
1482,4882.67,12,2022-05-24,967,3
1483,734.5,1,2016-06-05,3146,1
1485,7992.91,17,2023-03-20,667,2
1486,334.0,1,2016-06-26,3125,1
1487,460.0,1,2016-07-12,3109,1
1488,326.0,1,2016-08-21,3069,1
1489,4966.0,3,2016-12-15,2953,1
1490,2174.1,4,2018-07-17,2374,1
1491,14711.91,18,2022-05-17,974,2
1492,285.0,1,2016-09-21,3038,1
1493,2057.8,6,2019-12-12,1861,3
1494,3382.5,10,2023-04-12,644,3
1495,2484.6,2,2016-09-28,3031,1
1496,2365.7,2,2017-06-29,2757,1
1497,8586.33,12,2019-02-14,2162,2
1499,150.5,1,2016-10-09,3020,1
1500,365.0,1,2016-10-09,3020,1
1501,6996.05,11,2021-10-22,1181,3
1503,605.7,1,2016-10-30,2999,1
1504,225.0,1,2017-01-25,2912,1
1505,300.0,1,2017-03-07,2871,1
1506,251.0,1,2016-10-30,2999,1
1507,2312.65,7,2022-11-23,784,3
1508,750.9,2,2017-05-08,2809,1
1510,1428.4,3,2020-07-27,1633,0
1511,402.0,1,2016-11-08,2990,1
1513,1980.5,2,2018-02-26,2515,1
1514,1767.72,7,2020-05-13,1708,3
1516,1115.0,2,2018-11-22,2246,1
1517,159.0,1,2017-05-21,2796,1
1518,687.0,1,2016-12-05,2963,1
1519,2232.5,5,2024-10-10,97,0
1520,3176.2799999999997,5,2018-01-23,2549,1
1522,351.0,1,2017-03-22,2856,1
1523,190.0,1,2017-01-10,2927,1
1524,292.5,1,2017-01-15,2922,1
1525,217.8,1,2017-01-18,2919,1
1527,8799.0,5,2025-01-13,2,3
1529,2093.65,6,2024-08-01,167,0
1531,407.0,1,2017-07-20,2736,1
1532,1324.0,3,2018-05-03,2449,1
1535,446.7,2,2019-11-07,1896,1
1536,407.03,1,2017-04-11,2836,1
1538,3105.0,2,2018-06-19,2402,1
1539,2362.01,4,2022-11-04,803,0
1540,584.8,2,2018-10-31,2268,1
1541,1309.45,5,2021-03-04,1413,0
1543,776.0,1,2017-11-16,2617,1
1544,808.5,2,2017-12-12,2591,1
1545,2409.8199999999997,2,2017-05-14,2803,1
1546,739.0,2,2017-06-18,2768,1
1547,2861.0,3,2018-05-23,2429,1
1548,2839.5,4,2019-11-27,1876,1
1549,320.4,1,2017-06-01,2785,1
1550,4013.44,7,2020-03-31,1751,3
1551,1957.0,1,2017-07-19,2737,1
1552,2709.0,4,2019-07-03,2023,1
1553,713.14,1,2017-07-12,2744,1
1554,367.6,1,2017-09-07,2687,1
1556,766.8,1,2017-07-26,2730,1
1557,5119.0,2,2023-03-10,677,3
1558,6426.48,12,2022-06-13,947,2
1559,1829.25,2,2017-12-04,2599,1
1560,220.0,1,2018-02-28,2513,1
1561,233.5,1,2017-08-28,2697,1
1562,3187.38,11,2022-10-06,832,3
1565,304.0,1,2017-08-21,2704,1
1566,3231.5,2,2021-04-12,1374,0
1567,264.0,1,2017-09-21,2673,1
1568,1092.0,4,2018-04-17,2465,1
1569,1555.0,3,2019-03-11,2137,1
1570,1056.53,1,2017-10-15,2649,1
1571,1165.15,4,2020-07-02,1658,0
1574,644.0,1,2017-10-19,2645,1
1575,193.5,1,2017-10-24,2640,1
1576,2446.9,5,2022-12-15,762,0
1577,3197.52,4,2020-01-20,1822,1
1578,1661.0900000000001,4,2024-08-01,167,0
1580,257.83,1,2017-11-07,2626,1
1581,483.0,1,2017-11-19,2614,1
1582,155.25,1,2017-11-28,2605,1
1583,1035.0,3,2017-11-30,2603,1
1584,1614.0,3,2021-12-01,1141,0
1585,2872.35,5,2024-10-24,83,0
1586,944.6,3,2022-10-06,832,0
1587,3517.92,2,2018-05-18,2434,1
1589,4229.32,11,2023-02-28,687,3
1590,125.5,1,2018-01-08,2564,1
1591,7683.53,12,2024-11-28,48,2
1592,2729.59,5,2021-02-03,1442,3
1593,1786.0,7,2019-08-26,1969,3
1594,169.5,1,2018-01-25,2547,1
1595,232.0,1,2018-02-15,2526,1
1596,4923.0,13,2025-01-13,2,2
1597,1572.5,3,2019-11-22,1881,1
1598,1256.8,1,2018-03-05,2508,1
1599,2495.57,7,2024-11-20,56,3
1600,260.5,1,2018-03-28,2485,1
1601,760.0,4,2018-05-25,2427,1
1602,4955.5,9,2020-08-25,1604,3
1604,3879.0,10,2023-04-20,636,3
1605,2660.14,1,2018-05-03,2449,1
1606,256.5,1,2018-03-27,2486,1
1607,62.1,1,2018-03-27,2486,1
1608,359.0,2,2018-03-28,2485,1
1609,665.5,2,2018-05-22,2430,1
1610,182.5,1,2018-04-13,2469,1
1616,4010.0,3,2020-05-28,1693,3
1619,7417.21,16,2024-09-18,119,2
1623,582.75,1,2016-10-17,3012,1
1646,1858.58,6,2020-11-02,1535,0
1649,2345.0,1,2016-01-06,3297,1
1650,11420.86,7,2023-04-18,638,2
1651,6659.32,10,2024-12-12,34,3
1659,478.65,2,2021-11-15,1157,0
1660,1613.0,1,2017-05-03,2814,1
1662,805.3,1,2013-09-25,4130,1
1664,5546.25,9,2022-05-02,989,3
1669,3687.4,1,2013-09-19,4136,1
1672,943.47,1,2019-04-05,2112,1
1675,4276.83,8,2017-10-18,2646,3
1679,582.5799999999999,2,2023-01-02,744,0
1680,930.0,1,2017-07-02,2754,1
1684,195.0,1,2016-06-29,3122,1
1689,8353.800000000001,5,2017-03-07,2871,3
1692,4571.0,2,2016-08-16,3074,1
1693,10352.0,3,2019-03-13,2135,3
1701,1489.31,7,2020-03-31,1751,3
1706,4554.400000000001,5,2017-06-26,2760,1
1711,263.7,1,2017-04-20,2827,1
1712,978.55,2,2017-09-19,2675,1
1713,619.55,1,2022-02-09,1071,0
1716,3393.69,8,2021-04-15,1371,3
1722,580.0,1,2017-04-06,2841,1
1727,10418.29,17,2019-03-19,2129,2
1731,319.5,1,2016-04-20,3192,1
1733,1435.0,2,2020-10-19,1549,0
1736,4778.21,5,2017-08-27,2698,1
1737,3571.25,7,2019-10-04,1930,3
1739,1105.3,3,2020-09-03,1595,0
1740,6124.1,11,2024-10-16,91,3
1745,1985.25,4,2019-03-25,2123,1
1751,5442.0,5,2023-04-18,638,3
1752,1683.65,6,2018-01-17,2555,1
1754,2114.2,3,2020-09-07,1591,0
1756,3837.0,4,2017-09-13,2681,1
1757,762.5,1,2016-05-08,3174,1
1759,424.8,1,2017-12-11,2592,1
1763,393.3,1,2017-01-25,2912,1
1766,7765.98,16,2024-09-18,119,2
1768,588.56,3,2017-11-15,2618,1
1773,931.24,2,2016-04-25,3187,1
1774,513.93,1,2018-05-02,2450,1
1776,393.0,1,2016-11-30,2968,1
1777,402.15,2,2017-07-12,2744,1
1778,7109.0,3,2016-10-26,3003,1
1781,3196.8,3,2019-04-02,2115,1
1782,1730.99,3,2019-12-05,1868,1
1784,8718.84,8,2024-09-16,121,3
1786,3686.1499999999996,4,2018-03-16,2497,1
1788,555.0699999999999,2,2016-04-24,3188,1
1789,341.8,1,2016-02-29,3243,1
1790,990.7,1,2017-04-11,2836,1
1791,1051.75,4,2018-05-29,2423,1
1792,3958.15,6,2019-07-16,2010,3
1793,295.45,1,2017-01-03,2934,1
1794,1108.15,3,2018-04-25,2457,1
1796,393.75,1,2016-06-09,3142,1
1797,9317.3,8,2023-05-11,615,3
1798,239.2,1,2016-04-24,3188,1
1799,919.3,1,2018-01-26,2546,1
1800,437.2,1,2016-05-03,3179,1
1802,768.22,2,2017-03-19,2859,1
1803,2305.42,2,2017-02-26,2880,1
1804,11329.35,18,2024-10-17,90,2
1805,4370.0,1,2016-05-25,3157,1
1807,562.0,1,2016-06-29,3122,1
1808,252.0,1,2016-08-15,3075,1
1809,648.7,2,2016-10-26,3003,1
1810,1797.85,3,2018-09-18,2311,1
1811,14057.97,19,2023-05-03,623,2
1812,2435.05,2,2016-10-26,3003,1
1813,4256.98,6,2019-06-17,2039,3
1815,2078.73,3,2019-10-24,1910,1
1816,2136.15,3,2020-04-27,1724,0
1818,5803.35,16,2021-12-23,1119,2
1819,195.75,1,2016-11-01,2997,1
1820,7032.76,16,2019-06-07,2049,2
1821,8309.6,4,2018-11-07,2261,3
1822,234.0,1,2016-11-20,2978,1
1823,3007.14,4,2021-02-19,1426,0
1824,131.7,1,2017-01-15,2922,1
1825,694.15,1,2017-01-16,2921,1
1828,1915.4,1,2017-02-07,2899,1
1829,581.1500000000001,2,2020-06-16,1674,0
1830,768.0,3,2017-02-12,2894,1
1831,5119.6,9,2022-09-27,841,3
1832,644.95,2,2017-04-05,2842,1
1833,5679.35,3,2019-07-25,2001,3
1834,311.3,1,2017-10-23,2641,1
1835,2054.5,4,2019-12-09,1864,1
1836,567.0,3,2017-05-08,2809,1
1837,3034.51,5,2020-02-20,1791,3
1838,12170.74,20,2023-01-06,740,2
1839,885.0,1,2017-03-21,2857,1
1840,344.6,2,2017-03-28,2850,1
1841,863.75,1,2017-03-22,2856,1
1842,4281.2,2,2017-03-23,2855,1
1843,7216.1,7,2022-09-12,856,3
1845,958.8,4,2018-05-03,2449,1
1846,320.75,1,2018-04-13,2469,1
1848,481.7,1,2017-04-12,2835,1
1850,102.8,1,2017-04-17,2830,1
1851,15280.95,5,2024-07-22,177,2
1853,1285.1,3,2017-11-15,2618,1
1854,8341.6,6,2023-04-04,652,3
1856,918.23,1,2017-06-05,2781,1
1857,3199.0,1,2017-09-24,2670,1
1860,2900.61,5,2019-09-27,1937,1
1861,290.0,1,2017-07-27,2729,1
1862,3420.05,6,2024-12-13,33,3
1863,607.0,1,2017-09-24,2670,1
1864,763.5,1,2017-09-26,2668,1
1865,153.9,1,2017-09-28,2666,1
1866,13486.8,6,2025-01-06,9,2
1867,954.3,1,2017-10-22,2642,1
1868,296.4,1,2017-10-26,2638,1
1869,975.15,3,2019-09-24,1940,1
1870,511.0,1,2017-11-05,2628,1
1871,700.0,1,2017-11-05,2628,1
1872,2163.05,10,2024-11-12,64,3
1873,974.6,1,2017-11-26,2607,1
1874,646.25,1,2017-11-13,2620,1
1876,425.7,1,2017-12-18,2585,1
1877,185.3,1,2017-12-20,2583,1
1878,396.2,1,2017-12-20,2583,1
1879,369.0,2,2018-05-14,2438,1
1880,302.5,1,2018-02-12,2529,1
1881,1330.0,1,2018-02-12,2529,1
1882,594.4,2,2018-03-14,2499,1
1883,6774.95,6,2020-01-30,1812,3
1884,1341.6,5,2022-12-08,769,0
1885,1096.9,1,2018-03-27,2486,1
1886,191.0,1,2018-03-28,2485,1
1887,1603.5,3,2019-11-05,1898,1
1888,905.63,4,2019-02-20,2156,1
1890,3889.87,18,2021-02-17,1428,2
1903,2632.65,8,2017-02-23,2883,1
1906,3787.76,10,2022-10-18,820,3
1908,4844.95,4,2019-01-31,2176,3
1909,574.35,3,2018-12-17,2221,1
1920,5230.05,7,2018-09-25,2304,3
1929,7466.0,8,2017-10-18,2646,3
1932,4563.95,1,2018-11-16,2252,1
1947,327.85,1,2016-01-18,3285,1
1951,2360.81,7,2023-01-26,720,3
1978,9339.0,7,2022-05-31,960,3
1983,3288.6499999999996,5,2022-11-14,793,3
1984,10048.9,9,2025-01-10,5,2
1987,4060.95,10,2023-01-31,715,3
1990,4793.6,7,2022-07-04,926,3
1991,1727.55,2,2021-01-19,1457,0
1992,1158.7,2,2016-03-14,3229,1
1993,182.95,1,2016-03-20,3223,1
1994,829.0,4,2017-07-25,2731,1
1998,3068.1499999999996,2,2021-05-27,1329,0
2001,5276.0,4,2020-07-17,1643,3
2002,916.0,1,2016-07-04,3117,1
2005,314.7,1,2021-07-21,1274,0
2007,5032.75,9,2023-03-30,657,3
2008,1694.17,2,2016-12-13,2955,1
2009,6361.3,4,2021-07-05,1290,3
2010,292.9,1,2017-01-10,2927,1
2022,95.0,1,2016-11-23,2975,1
2023,1074.0,3,2019-12-19,1854,1
2024,2405.51,4,2022-05-10,981,0
2025,2900.0,1,2018-05-04,2448,1
2026,2105.8,3,2021-03-02,1415,0
2027,66.0,1,2018-06-21,2400,1
2028,4943.25,2,2019-05-24,2063,1
2029,11710.3,12,2023-04-06,650,2
2030,275.63,1,2018-05-07,2445,1
2032,4996.03,9,2022-08-23,876,3
2033,5170.55,4,2019-02-21,2155,3
2034,279.0,1,2018-05-18,2434,1
2035,915.0,1,2018-05-25,2427,1
2037,2962.96,10,2023-04-06,650,3
2038,461.7,1,2018-05-28,2424,1
2039,390.0,1,2018-05-28,2424,1
2040,2399.0,1,2018-05-29,2423,1
2041,630.2,2,2021-12-15,1127,0
2042,287.5,1,2018-06-01,2420,1
2043,250.88,1,2018-06-05,2416,1
2045,2239.5,3,2020-09-25,1573,0
2046,305.0,1,2018-06-28,2393,1
2048,1275.0,1,2018-07-03,2388,1
2049,464.0,1,2018-07-03,2388,1
2050,395.0,2,2019-06-24,2032,1
2051,5952.4800000000005,15,2025-01-15,0,2
2052,1151.05,4,2021-01-22,1454,0
2053,7875.25,9,2022-12-19,758,3
2055,202.0,1,2018-07-19,2372,1
2060,146.5,1,2016-01-04,3299,1
2062,1467.0,1,2013-09-11,4144,1
2070,319.5,1,2016-05-10,3172,1
2075,11734.130000000001,19,2021-07-28,1267,2
2080,5197.79,6,2019-02-15,2161,3
2090,498.9,2,2020-03-09,1773,1
2091,694.75,1,2022-11-10,797,0
2105,6177.2,11,2016-06-19,3132,3
2139,10060.75,3,2018-11-23,2245,3
2148,5323.1,9,2016-07-07,3114,3
2156,801.0,2,2018-04-24,2458,1
2159,902.25,2,2018-05-25,2427,1
2162,4891.95,12,2023-04-04,652,3
2166,4708.6,8,2020-08-28,1601,3
2178,1262.0,1,2017-01-02,2935,1
2184,869.0,2,2018-11-05,2263,1
2189,3892.6,5,2020-10-22,1546,3
2202,8053.869999999999,8,2018-07-13,2378,3
2210,347.0,2,2018-05-15,2437,1
2212,915.0,1,2016-03-21,3222,1
2216,2559.7,1,2016-06-13,3138,1
2223,2013.3,3,2019-03-07,2141,1
2224,965.5,2,2017-10-09,2655,1
2227,415.0,1,2017-11-09,2624,1
2228,4313.2,4,2018-11-09,2259,1
2235,1519.96,2,2020-09-07,1591,0
2236,12029.1,20,2025-01-10,5,2
2237,400.0,1,2019-01-02,2205,1
2242,1376.3,2,2019-04-05,2112,1
2243,1921.1399999999999,4,2022-09-15,853,0
2244,6153.45,13,2024-12-20,26,2
2246,974.89,3,2018-11-05,2263,1
2247,8660.2,12,2021-12-08,1134,2
2248,3695.3,7,2020-02-07,1804,3
2249,1684.0,1,2018-09-10,2319,1
2250,1429.54,3,2019-11-22,1881,1
2251,2849.0,1,2018-09-19,2310,1
2252,910.94,1,2022-12-13,764,0
2253,3024.5,4,2021-12-06,1136,0
2254,1072.5,4,2022-09-19,849,0
2255,7260.0,1,2018-09-28,2301,3
2256,1037.95,2,2022-09-01,867,0
2257,693.0,1,2018-12-11,2227,1
2258,267.9,1,2018-10-15,2284,1
2259,4282.0,5,2019-11-22,1881,3
2260,750.0,1,2018-10-16,2283,1
2261,3600.84,6,2022-06-08,952,3
2262,312.77,1,2018-10-19,2280,1
2263,866.0,2,2019-03-19,2129,1
2264,207.25,1,2018-10-23,2276,1
2265,2792.0,1,2018-10-24,2275,1
2266,820.4,1,2018-10-24,2275,1
2267,425.0,2,2019-03-15,2133,1
2268,746.0,1,2018-10-25,2274,1
2269,7878.8,8,2024-12-03,43,3
2270,550.5799999999999,2,2018-10-31,2268,1
2271,318.85,1,2018-11-05,2263,1
2272,1128.0,1,2018-10-08,2291,1
2274,8362.6,2,2021-10-12,1191,3
2275,5360.0,1,2018-11-15,2253,1
2276,981.6,2,2021-04-22,1364,0
2278,416.5,1,2018-11-20,2248,1
2280,3336.05,5,2023-02-14,701,3
2281,377.3,1,2018-11-26,2242,1
2284,827.5,3,2019-10-18,1916,1
2285,344.5,1,2018-09-05,2324,1
2286,1744.05,3,2020-07-24,1636,0
2287,205.0,1,2018-12-14,2224,1
2288,552.0,1,2018-12-14,2224,1
2289,380.0,1,2018-12-14,2224,1
2290,2450.3999999999996,8,2022-09-15,853,3
2291,1178.0900000000001,2,2019-08-29,1966,1
2292,1085.6,3,2019-06-04,2052,1
2294,1263.79,3,2022-07-19,911,0
2295,345.0,1,2017-05-04,2813,1
2297,14357.0,3,2019-11-22,1881,3
2298,1355.5,4,2022-05-05,986,0
2302,972.6,2,2024-11-29,47,0
2303,3807.0,1,2019-02-18,2158,1
2304,664.85,2,2019-04-17,2100,1
2306,829.5,2,2020-08-28,1601,0
2308,469.0,1,2019-02-22,2154,1
2309,835.0,1,2019-02-25,2151,1
2313,233.5,1,2019-02-28,2148,1
2314,5136.0,7,2024-09-02,135,3
2315,426.0,2,2019-05-10,2077,1
2317,1999.95,4,2023-03-09,678,0
2319,3418.46,3,2022-01-31,1080,0
2320,401.0,2,2019-05-03,2084,1
2321,2598.1,1,2019-03-04,2144,1
2322,2598.9,7,2022-03-09,1043,3
2323,192.0,1,2019-03-05,2143,1
2324,218.5,1,2019-03-08,2140,1
2325,4096.6900000000005,7,2024-12-20,26,3
2327,482.35,2,2021-12-01,1141,0
2329,2791.1,1,2019-03-14,2134,1
2330,3395.5,3,2023-01-12,734,0
2331,2311.35,4,2020-02-18,1793,1
2332,237.5,1,2019-03-21,2127,1
2383,1007.53,5,2019-10-02,1932,1
2384,200.78,1,2019-03-20,2128,1
2385,4608.75,8,2024-12-09,37,3
2386,622.0,1,2019-03-21,2127,1
2387,254.49,1,2019-03-21,2127,1
2388,819.1,3,2019-04-04,2113,1
2389,368.33000000000004,2,2021-07-05,1290,0
2390,343.35,1,2019-04-11,2106,1
2391,838.5,4,2023-01-09,737,0
2392,3411.9,11,2024-11-18,58,3
2393,1211.18,1,2019-04-12,2105,1
2394,1478.5,8,2022-04-12,1009,3
2398,196.22,1,2019-04-01,2116,1
2400,8678.17,14,2025-01-08,7,2
2401,312.75,2,2024-10-28,79,0
2402,3056.88,3,2019-06-07,2049,1
2404,941.0,3,2020-12-03,1504,0
2405,892.6800000000001,4,2022-02-11,1069,0
2406,585.0,2,2019-05-09,2078,1
2407,2977.45,1,2019-04-17,2100,1
2409,2421.0,1,2019-04-23,2094,1
2410,480.6,1,2019-04-24,2093,1
2413,1168.0,4,2020-09-28,1570,0
2414,7030.9,12,2024-12-10,36,2
2415,1419.0,1,2019-05-14,2073,1
2416,1676.5,5,2022-02-21,1059,0
2417,305.0,1,2019-05-21,2066,1
2429,825.0899999999999,3,2019-07-11,2015,1
2430,2253.1,3,2024-12-11,35,0
2431,116.55,1,2019-06-05,2051,1
2432,2115.0,1,2019-10-24,1910,1
2433,3126.4,5,2023-05-17,609,0
2438,4883.6,10,2021-11-25,1147,3
2439,142.65,1,2019-06-11,2045,1
2440,809.8,2,2021-05-25,1331,0
2441,2205.5,8,2022-09-20,848,3
2442,873.3,1,2019-06-12,2044,1
2444,684.09,2,2019-07-19,2007,1
2445,594.45,2,2022-08-17,882,0
2446,999.0,1,2019-05-22,2065,1
2447,1220.0,2,2020-01-20,1822,1
2448,1486.65,3,2022-06-23,937,0
2450,10155.0,4,2022-07-05,925,3
2452,3653.15,2,2020-01-23,1819,1
2454,556.27,2,2020-03-02,1780,1
2455,1704.5,2,2021-03-24,1393,0
2456,4947.5,7,2023-06-01,594,3
2457,447.8,1,2019-07-11,2015,1
2458,328.82,1,2019-07-12,2014,1
2463,558.38,3,2019-10-07,1927,1
2465,1670.0,2,2019-08-07,1988,1
2466,232.2,1,2019-07-18,2008,1
2467,814.0,3,2022-11-10,797,0
2469,3238.4,3,2023-03-14,673,0
2585,4185.82,5,2018-03-05,2508,1
2603,6528.25,19,2016-12-15,2953,2
2604,1358.8,2,2020-01-15,1827,1
2609,7896.5,15,2018-03-26,2487,2
2610,1571.25,2,2017-07-03,2753,1
2611,6914.35,14,2019-12-05,1868,2
2613,1821.0,1,2013-07-30,4187,1
2620,1896.75,3,2016-02-10,3262,1
2671,652.63,2,2018-11-21,2247,1
2673,188.1,1,2016-07-24,3097,1
2674,2841.85,4,2017-03-07,2871,1
2675,9669.3,7,2020-12-01,1506,3
2676,6728.55,12,2021-05-31,1325,2
2677,2758.7,3,2019-06-20,2036,1
2679,1315.6,4,2021-03-01,1416,0
2681,1199.75,5,2020-12-21,1486,0
2682,165.8,1,2013-10-14,4111,1
2709,11474.41,12,2019-09-20,1944,2
2711,461.5,1,2013-09-19,4136,1
2722,5622.75,21,2022-11-09,798,2
2724,915.36,2,2019-03-27,2121,1
2725,6439.95,18,2021-05-28,1328,2
2726,3140.1800000000003,10,2021-09-07,1226,3
2729,3264.21,7,2018-02-05,2536,1
2730,584.6,2,2018-05-09,2443,1
2732,332.0,1,2016-03-20,3223,1
2735,11708.2,9,2019-01-29,2178,2
2738,2081.5,5,2021-01-20,1456,0
2742,770.0,2,2018-08-29,2331,1
2744,990.0,1,2018-11-30,2238,1
2745,1179.05,2,2020-05-15,1706,0
2750,723.5,1,2019-06-24,2032,1
2751,202.5,1,2019-07-29,1997,1
2752,1836.08,1,2019-07-30,1996,1
2754,1800.0,1,2019-08-01,1994,1
2755,422.1,1,2019-08-02,1993,1
2756,294.5,1,2019-08-02,1993,1
2758,552.62,1,2019-08-27,1968,1
2761,607.95,3,2021-07-29,1266,0
2762,290.5,1,2019-09-10,1954,1
2763,1326.6,2,2020-10-15,1553,0
2764,219.5,1,2019-09-18,1946,1
2765,752.0,2,2020-01-21,1821,1
2766,2155.15,4,2022-02-16,1064,0
2767,8614.0,2,2019-11-08,1895,3
2768,472.0,2,2019-10-22,1912,1
2770,490.74,2,2020-09-03,1595,0
2771,1091.5,1,2019-10-03,1931,1
2773,640.0,1,2019-10-03,1931,1
2774,2654.2,5,2023-05-12,614,0
2775,2262.5,7,2023-04-12,644,3
2784,313.03,1,2019-11-14,1889,1
2786,3028.41,10,2024-10-04,103,3
2787,707.4499999999999,2,2020-02-04,1807,1
2788,2648.32,4,2022-06-17,943,0
2789,609.0,1,2019-10-23,1911,1
2790,445.0,1,2019-10-25,1909,1
2791,14009.24,6,2023-03-29,658,2
2792,316.5,1,2019-11-04,1899,1
2793,1170.4299999999998,2,2021-10-25,1178,0
2794,262.0,1,2019-11-08,1895,1
2795,5867.0,3,2022-07-18,912,3
2796,2077.3,5,2023-02-27,688,0
2797,479.5,1,2019-11-14,1889,1
2798,10446.94,13,2024-08-23,145,2
2799,847.5,2,2021-03-11,1406,0
2801,360.49,1,2019-11-21,1882,1
2802,675.35,2,2019-11-27,1876,1
2803,185.0,1,2019-11-27,1876,1
2805,139.4,1,2019-11-29,1874,1
2806,1436.78,3,2023-05-04,622,0
2807,843.0,3,2021-11-12,1160,0
2808,646.05,3,2022-09-23,845,0
2809,10887.79,14,2024-12-17,29,2
2810,8041.11,15,2024-09-25,112,2
2811,542.55,1,2019-12-17,1856,1
2813,413.0,1,2020-01-02,1840,1
2815,698.0,1,2020-01-07,1835,1
2816,12052.8,10,2023-01-11,735,2
2817,1350.2,3,2022-05-25,966,0
2818,515.0,2,2020-11-30,1507,0
2819,1546.74,3,2022-11-10,797,0
2820,4641.25,3,2021-11-15,1157,3
2821,724.95,1,2020-02-04,1807,1
2823,6311.6,3,2023-02-23,692,3
2824,624.5,1,2020-02-07,1804,1
2825,2029.8400000000001,4,2022-02-07,1073,0
2828,559.5,1,2020-02-12,1799,1
2829,331.5,1,2020-02-13,1798,1
2831,780.75,2,2020-09-01,1597,0
2832,283.98,1,2020-03-04,1778,1
2834,845.0,1,2022-05-31,960,0
2835,10291.9,18,2024-08-23,145,2
2836,411.0,1,2020-03-05,1777,1
2837,914.0,1,2020-03-12,1770,1
2838,348.28999999999996,2,2021-10-12,1191,0
2839,4514.83,2,2020-06-26,1664,3
2840,11725.93,11,2024-12-12,34,2
2842,478.8,1,2020-04-29,1722,0
2843,683.0,2,2022-02-28,1052,0
2844,1008.0,3,2020-05-15,1706,0
2845,1178.0,1,2020-05-29,1692,0
2846,49.9,1,2020-06-02,1688,0
2847,49.9,1,2020-06-09,1681,0
2848,49.9,1,2020-06-09,1681,0
2849,49.9,1,2020-06-09,1681,0
2850,94.77,1,2020-06-05,1685,0
2851,13921.46,13,2024-08-21,147,2
2852,378.5,1,2020-06-17,1673,0
2853,230.0,1,2020-06-15,1675,0
2854,2045.9,7,2024-09-16,121,0
2855,594.6600000000001,2,2022-02-04,1076,0
2856,9975.87,2,2023-01-06,740,3
2858,297.5,1,2020-06-19,1671,0
2859,85.0,1,2020-06-24,1666,0
2860,654.0,1,2020-06-25,1665,0
2861,1155.0,2,2020-07-24,1636,0
2862,76.9,1,2020-10-14,1554,0
2863,2374.2799999999997,4,2024-09-23,114,0
2864,49.9,1,2020-07-08,1652,0
2865,544.5,2,2021-02-25,1420,0
2866,1068.0,1,2020-07-20,1640,0
2867,3428.48,5,2023-03-27,660,3
2868,1126.95,2,2020-10-23,1545,0
2869,2965.09,8,2022-11-29,778,3
2870,8864.43,9,2024-09-06,131,2
2871,1250.0,1,2020-08-18,1611,0
2872,577.0,1,2020-08-24,1605,0
2873,3087.3199999999997,3,2022-04-11,1010,0
2874,599.5,2,2020-09-03,1595,0
2875,1013.0,2,2020-09-02,1596,0
2876,393.0,1,2020-09-03,1595,0
2877,657.0,1,2020-09-08,1590,0
2878,890.0,1,2020-09-10,1588,0
2879,1574.5,3,2020-11-26,1511,0
2880,4811.5,4,2023-05-05,621,3
2881,3924.07,7,2024-10-14,93,3
2882,1250.0,1,2020-09-17,1581,0
2883,188.25,1,2020-09-22,1576,0
2884,147.0,1,2020-09-23,1575,0
2886,1288.92,1,2020-10-02,1566,0
2887,4055.45,12,2023-04-17,639,3
2888,594.0,1,2020-10-08,1560,0
2889,800.0,2,2021-10-12,1191,0
2890,1022.3199999999999,3,2023-02-28,687,0
2891,613.0,2,2022-04-19,1002,0
2892,4186.0,1,2020-10-19,1549,0
2893,1548.5,1,2020-10-20,1548,0
2894,2958.85,6,2024-12-16,30,3
2898,4520.0,1,2024-10-22,85,0
2950,1829.9,1,2021-07-28,1267,0
3020,1566.9,2,2024-07-30,169,0
3024,1081.6,1,2022-03-22,1030,0
3078,188.82,1,2024-10-02,105,0
3083,1207.93,1,2020-10-26,1542,0
3086,280.0,1,2020-10-30,1538,0
3088,4646.39,5,2023-01-24,722,3
3089,1657.74,5,2021-02-12,1433,0
3090,2209.52,4,2024-11-18,58,0
3094,303.0,1,2020-11-09,1528,0
3100,1647.95,5,2024-09-05,132,0
3101,707.7,1,2020-11-13,1524,0
3103,6198.74,11,2022-03-17,1035,3
3104,1499.37,5,2023-01-18,728,0
3109,3164.4,4,2022-11-04,803,0
3110,2691.0,2,2022-07-11,919,0
3112,1747.4,6,2023-01-30,716,0
3113,582.0,2,2021-02-17,1428,0
3116,773.0,1,2020-11-30,1507,0
3122,653.5,2,2021-05-05,1351,0
3128,1044.2,2,2022-03-31,1021,0
3129,315.0,1,2020-12-09,1498,0
3138,1708.9,2,2021-01-08,1468,0
3143,567.0,1,2020-12-15,1492,0
3144,308.8,1,2020-12-15,1492,0
3187,551.19,1,2023-03-21,666,0
3216,784.4000000000001,2,2024-10-21,86,0
3224,645.0,1,2021-07-20,1275,0
3243,1889.9,2,2022-12-19,758,0
3244,49.9,1,2020-12-17,1490,0
3245,324.0,1,2021-01-14,1462,0
3246,49.9,1,2021-01-20,1456,0
3250,68.0,1,2021-02-02,1443,0
3255,467.03999999999996,2,2023-05-02,624,0
3257,3065.36,2,2024-09-09,128,0
3263,12562.279999999999,10,2023-04-14,642,2
3264,231.0,1,2021-02-09,1436,0
3294,533.0,1,2021-02-19,1426,0
3296,133.64,1,2022-03-03,1049,0
3298,811.2,1,2021-07-27,1268,0
3301,193.15,1,2021-02-22,1423,0
3302,583.0,2,2021-07-20,1275,0
3303,1441.44,5,2023-03-22,665,0
3310,995.0799999999999,3,2021-05-10,1346,0
3314,49.9,1,2021-02-26,1419,0
3315,224.54,1,2021-02-26,1419,0
3319,3495.1,3,2023-04-06,650,0
3329,4923.21,11,2024-12-13,33,3
3337,3288.84,10,2021-03-19,1398,3
3343,799.44,1,2021-03-12,1405,0
3344,1095.0,2,2021-03-15,1402,0
3347,185.5,1,2021-03-17,1400,0
3348,1502.96,5,2024-09-30,107,0
3350,5201.88,9,2023-03-30,657,3
3360,416.96,1,2021-03-19,1398,0
3361,497.12,1,2021-03-19,1398,0
3363,5238.9800000000005,2,2022-08-17,882,3
3372,3256.0,4,2023-03-07,680,0
3373,878.52,2,2021-04-14,1372,0
3379,420.5,1,2021-04-07,1379,0
3383,3256.2400000000002,3,2022-07-21,909,0
3384,923.8,2,2022-05-17,974,0
3390,49.9,1,2021-04-07,1379,0
3393,1021.0,3,2022-01-19,1092,0
3397,630.7,1,2021-04-09,1377,0
3406,49.9,1,2021-04-21,1365,0
3407,569.0,1,2021-04-15,1371,0
3417,2668.5,3,2023-02-03,712,0
3418,14057.03,9,2022-09-26,842,2
3420,10341.31,21,2024-12-10,36,2
3421,49.9,1,2021-04-28,1358,0
3427,1310.5,1,2021-04-29,1357,0
3435,586.64,3,2021-05-14,1342,0
3437,1400.0,3,2022-12-13,764,0
3446,3329.63,4,2024-10-30,77,0
3447,786.5,2,2021-12-10,1132,0
3448,456.8,1,2021-05-17,1339,0
3450,728.22,1,2021-07-16,1279,0
3452,1455.6,1,2021-05-25,1331,0
3453,225.45,1,2021-05-25,1331,0
3454,7401.3,3,2022-06-07,953,3
3455,805.36,5,2023-05-26,600,0
3458,1274.5,1,2021-07-28,1267,0
3463,147.6,1,2021-06-01,1324,0
3465,232.9,1,2021-06-02,1323,0
3467,525.81,1,2021-06-03,1322,0
3469,545.2,1,2021-06-04,1321,0
3470,726.5,2,2021-06-07,1318,0
3474,3323.5,8,2021-09-29,1204,3
3477,562.8,2,2021-09-14,1219,0
3485,334.35,1,2024-09-26,111,0
3491,707.3,1,2021-06-17,1308,0
3500,293.25,1,2024-12-17,29,0
3503,1552.0,3,2023-02-15,700,0
3508,471.59999999999997,2,2021-08-16,1248,0
3514,4012.0,1,2021-07-01,1294,0
3515,1719.14,4,2023-02-23,692,0
3525,585.52,1,2021-07-09,1286,0
3526,337.5,1,2021-07-12,1283,0
3527,1338.0,1,2021-07-12,1283,0
3535,1783.1799999999998,2,2021-09-22,1211,0
3556,688.5500000000001,2,2024-10-04,103,0
3566,341.9,1,2021-07-29,1266,0
3628,4112.6900000000005,10,2023-01-31,715,3
3629,9207.0,1,2021-08-31,1233,3
3630,6394.9,4,2021-10-13,1190,3
3634,312.05,1,2024-12-03,43,0
3640,7978.74,9,2024-12-12,34,3
3688,896.0,1,2024-11-05,71,0
3693,49.9,1,2021-09-21,1212,0
3696,640.0,1,2024-09-10,127,0
3702,316.2,1,2021-09-23,1210,0
3711,402.56,1,2021-10-15,1188,0
3715,634.55,1,2024-10-15,92,0
3762,243.2,1,2021-11-05,1167,0
3962,160.5,1,2022-04-06,1015,0
3968,538.68,1,2021-10-20,1183,0
3971,2213.95,2,2024-07-29,170,0
3980,4650.5,3,2021-11-18,1154,3
4008,1866.1,2,2022-01-10,1101,0
4009,1436.0,2,2022-09-01,867,0
4016,1237.46,2,2022-04-28,993,0
4017,617.0,1,2021-10-01,1202,0
4029,5798.84,4,2023-04-14,642,3
4033,212.0,1,2021-10-08,1195,0
4045,1858.76,2,2023-02-10,705,0
4047,1530.78,3,2022-04-01,1020,0
4050,353.5,1,2022-05-17,974,0
4052,1289.25,5,2021-10-25,1178,0
4071,1231.6399999999999,4,2022-10-03,835,0
4077,5536.5,7,2023-01-16,730,3
4084,7283.85,1,2022-05-12,979,3
4115,1089.5,2,2024-09-24,113,0
4117,16150.46,13,2024-09-09,128,2
4121,810.12,2,2022-02-14,1066,0
4128,418.67,1,2025-01-07,8,0
4145,756.0,1,2021-11-03,1169,0
4155,1978.0,2,2023-03-07,680,0
4157,1022.4,1,2016-05-02,3180,1
4158,1112.5,1,2022-02-14,1066,0
4171,1538.1,3,2021-08-30,1234,0
4175,740.52,2,2022-01-25,1086,0
4178,1386.0,2,2024-10-22,85,0
4199,1028.3,1,2021-11-16,1156,0
4208,1861.1,1,2024-12-03,43,0
4220,217.0,1,2023-03-07,680,0
4226,1338.84,1,2021-11-19,1153,0
4228,1022.2,1,2021-11-19,1153,0
4231,344.0,1,2021-11-19,1153,0
4236,1816.8,3,2022-10-06,832,0
4250,361.0,1,2021-11-25,1147,0
4259,2674.6,5,2024-09-19,118,0
4265,2727.0,3,2023-01-04,742,0
4268,486.64,2,2022-07-21,909,0
4270,7477.01,7,2024-10-10,97,3
4271,7412.799999999999,11,2024-12-16,30,2
4274,1817.4,4,2021-12-10,1132,0
4276,791.4200000000001,2,2021-12-03,1139,0
4278,627.75,3,2023-03-07,680,0
4281,6497.849999999999,4,2020-12-18,1489,3
4283,574.37,2,2022-02-04,1076,0
4304,299.08000000000004,2,2023-03-03,684,0
4312,327.0,1,2021-12-15,1127,0
4315,4030.5,2,2021-12-17,1125,0
4318,250.0,1,2021-12-16,1126,0
4369,551.9200000000001,2,2024-11-25,51,0
4380,206.0,1,2024-08-30,138,0
4384,3679.6000000000004,5,2023-04-19,637,3
4385,737.72,2,2023-02-27,688,0
4395,4864.95,10,2025-01-02,13,3
4413,1400.175,5,2023-03-29,658,0
4435,487.84,1,2022-01-25,1086,0
4443,1161.0,3,2023-04-14,642,0
4444,3790.3999999999996,4,2023-01-27,719,3
4463,6339.61,20,2024-11-18,58,2
4480,1140.6599999999999,5,2024-11-15,61,0
4490,7328.7,14,2024-07-31,168,2
4498,915.0,3,2022-02-02,1078,0
4506,2366.2799999999997,5,2023-03-01,686,0
4518,3157.2,3,2024-10-09,98,0
4519,6151.5599999999995,3,2023-02-07,708,3
4524,1517.07,6,2024-10-28,79,0
4542,559.1,1,2022-02-16,1064,0
4546,568.88,2,2022-02-15,1065,0
4551,3225.75,2,2023-01-12,734,0
4556,362.0,1,2022-02-16,1064,0
4563,437.0,1,2022-03-15,1037,0
4565,2003.65,2,2022-12-06,771,0
4586,733.5,2,2019-02-19,2157,1
4594,508.5,1,2022-02-25,1055,0
4596,1901.15,1,2022-03-23,1029,0
4598,12386.130000000001,9,2025-01-09,6,2
4612,399.9,1,2022-03-01,1051,0
4626,440.62,3,2022-07-22,908,0
4640,1973.03,1,2023-01-27,719,0
4676,7057.6,1,2022-03-16,1036,3
4695,211.5,1,2023-03-20,667,0
4713,518.0,1,2022-03-29,1023,0
4726,769.84,3,2022-04-07,1014,0
4792,1073.78,2,2022-09-05,863,0
4803,331.5,1,2023-04-21,635,0
4817,355.0,1,2022-12-14,763,0
4881,387.5,1,2023-02-22,693,0
4914,1340.4,4,2023-03-14,673,0
4915,1683.95,5,2024-10-16,91,0
4921,507.9,2,2022-05-16,975,0
4933,1562.65,4,2022-04-08,1013,0
4969,436.6,2,2025-01-02,13,0
4995,1523.3,6,2023-05-24,602,0
4996,3329.5,3,2022-07-22,908,0
5026,334.5,1,2022-04-21,1000,0
5047,704.1,3,2025-01-10,5,0
5062,1727.58,3,2023-02-28,687,0
5073,306.5,1,2022-05-02,989,0
5092,368.55,1,2022-05-06,985,0
5096,5689.8099999999995,6,2023-04-11,645,3
5112,1291.84,4,2022-06-14,946,0
5119,546.0,1,2022-05-13,978,0
5123,289.0,2,2022-05-19,972,0
5124,1724.5,3,2024-10-22,85,0
5125,49.9,1,2022-05-30,961,0
5148,671.5,2,2022-05-30,961,0
5155,422.2,1,2022-05-23,968,0
5156,1907.9499999999998,8,2023-01-30,716,3
5166,309.5,1,2022-06-20,940,0
5169,199.2,1,2022-05-25,966,0
5195,631.69,2,2024-12-09,37,0
5244,709.4,1,2024-11-14,62,0
5257,3915.7999999999997,4,2025-01-08,7,0
5263,1349.96,1,2022-06-23,937,0
5279,120.0,1,2022-06-22,938,0
5295,611.84,1,2022-07-21,909,0
5304,593.2,1,2023-03-14,673,0
5313,247.5,1,2022-06-30,930,0
5330,712.0,1,2022-07-04,926,0
5338,10391.14,5,2024-11-18,58,3
5339,279.76,1,2023-03-06,681,0
5374,1990.2,1,2022-07-20,910,0
5379,1426.0,5,2023-06-01,594,0
5390,3360.4,1,2023-01-05,741,0
5399,496.8,1,2022-08-29,870,0
5444,281.18,1,2022-08-18,881,0
5450,8870.04,1,2022-08-19,880,3
5451,1290.8200000000002,3,2024-09-26,111,0
5471,360.0,1,2022-08-26,873,0
5487,996.0,1,2022-08-31,868,0
5495,754.5,1,2022-09-02,866,0
5504,726.3,2,2024-12-17,29,0
5514,480.0,1,2022-09-23,845,0
5524,421.75,1,2024-09-20,117,0
5551,200.0,1,2022-09-19,849,0
5561,709.0,1,2022-11-18,789,0
5569,956.5,2,2024-09-12,125,0
5584,223.2,1,2022-09-27,841,0
5593,504.0,1,2022-10-03,835,0
5603,4648.2,7,2024-12-05,41,3
5607,2702.5,1,2022-09-30,838,0
5620,9815.06,8,2025-01-10,5,2
5628,2435.1,8,2024-07-19,180,3
5640,300.0,1,2022-10-10,828,0
5658,481.5,1,2024-09-19,118,0
5662,1562.88,1,2022-10-14,824,0
5693,273.12,1,2024-10-29,78,0
5712,1064.44,1,2022-10-25,813,0
5719,741.0,2,2025-01-07,8,0
5725,593.35,3,2024-11-08,68,0
5729,297.6,1,2022-10-27,811,0
5797,215.36,1,2016-12-21,2947,1
5828,254.0,1,2022-11-14,793,0
5839,217.25,1,2025-01-09,6,0
5841,679.5,2,2024-10-17,90,0
5843,565.0,1,2022-11-18,789,0
5849,220.52,1,2022-11-21,786,0
5892,87.74,1,2023-03-16,671,0
5993,3734.61,5,2024-11-15,61,3
6053,995.12,2,2024-12-13,33,0
6054,13427.3,8,2024-12-16,30,2
6078,920.39,2,2023-01-31,715,0
6091,49.9,1,2023-02-22,693,0
6122,435.0,1,2023-02-07,708,0
6257,1633.46,2,2024-07-25,174,0
6297,344.5,1,2023-02-16,699,0
6298,2759.4,4,2024-09-27,110,0
6304,1278.76,6,2023-04-14,642,0
6338,49.9,1,2023-03-10,677,0
6345,244.68,1,2023-03-17,670,0
6348,301.0,1,2024-07-23,176,0
6376,1434.7,5,2024-11-13,63,0
6378,1763.6,1,2023-03-07,680,0
6379,1468.5500000000002,5,2023-05-09,617,0
6422,346.79999999999995,2,2024-10-04,103,0
6454,1230.0,2,2023-03-24,663,0
6473,49.9,1,2023-03-29,658,0
6483,570.86,2,2024-11-07,69,0
6532,1676.7800000000002,6,2024-11-28,48,0
6553,2390.5,4,2024-11-15,61,0
6555,219.48,1,2023-04-24,632,0
6587,190.5,1,2023-04-28,628,0
6602,304.0,1,2023-05-03,623,0
6603,8699.39,2,2023-05-26,600,3
6607,239.5,1,2023-05-10,616,0
6677,1874.6000000000001,3,2024-11-06,70,0
6678,8859.5,2,2023-05-25,601,3
6721,1800.32,4,2019-09-25,1939,1
6787,2238.16,1,2024-12-17,29,0
6803,762.0,2,2024-10-30,77,0
6818,1210.5,4,2024-12-12,34,0
6826,2724.4,5,2025-01-16,-1,0
6862,226.5,1,2024-11-14,62,0
6869,352.98,1,2024-10-11,96,0
6998,371.0,1,2024-11-19,57,0
7002,207.9,1,2024-07-18,181,0
7021,599.0,1,2025-01-16,-1,0
7052,2800.0,4,2024-09-03,134,0
7075,2159.25,2,2024-09-20,117,0
7155,405.4,1,2024-10-21,86,0
7164,794.22,1,2024-10-23,84,0
7170,788.72,2,2024-09-05,132,0
7198,756.41,2,2024-12-02,44,0
7212,1202.5,2,2024-08-01,167,0
7343,4049.55,1,2024-10-04,103,0
7352,1740.0,1,2024-09-17,120,0
7531,942.0,2,2024-12-05,41,0
7534,149.75,1,2024-07-19,180,0
7540,706.6,1,2024-10-01,106,0
7650,1284.5,1,2024-10-14,93,0
7677,2008.0,2,2024-10-04,103,0
7835,235.0,1,2024-07-24,175,0
7845,1928.0,2,2024-08-29,139,0
7944,321.5,1,2024-11-22,54,0
7984,1926.4,2,2024-10-21,86,0
8019,329.2,1,2024-10-08,99,0
8142,477.25,2,2024-10-07,100,0
8168,1323.1,1,2024-10-14,93,0
8304,760.4,1,2024-09-27,110,0
8335,392.6,1,2024-11-18,58,0
8482,1549.0,1,2024-10-29,78,0
8555,1289.0,1,2024-07-26,173,0
8567,889.5,1,2024-07-31,168,0
8569,757.5,1,2024-08-19,149,0
8571,1021.5999999999999,2,2024-11-26,50,0
8599,218.0,1,2024-08-19,149,0
8607,729.5,1,2024-12-13,33,0
8642,1064.1999999999998,4,2025-01-10,5,0
8653,688.5,2,2024-09-02,135,0
8656,273.75,1,2024-12-19,27,0
8677,2875.0,1,2025-01-09,6,0
8690,750.1600000000001,2,2024-10-16,91,0
8704,841.5,1,2024-10-14,93,0
8707,1018.9,1,2024-10-10,97,0
8712,222.0,1,2024-11-27,49,0
8713,661.0,1,2024-10-03,104,0
8727,495.8,1,2024-09-27,110,0
8728,258.56,1,2024-10-14,93,0
8738,363.0,2,2024-10-09,98,0
8745,322.22,2,2024-12-20,26,0
8747,280.48,1,2024-10-28,79,0
8779,662.75,1,2024-10-17,90,0
8810,1750.5,1,2024-10-29,78,0
8812,374.25,1,2024-10-24,83,0
8824,553.0,1,2024-11-04,72,0
